,Product,Price,Rating,Sold,Supplier,Free_Shipping
1,18*12.5 cm Cigarette Raw Smoking Papers Accessories Dish Unisex Table Small Metal Tobacco Storage Plate Discs for Herb Grinder,0.90 - 1, 4.7,837,Convenience365 Store,-
2,One Hitter Cigarette Shape Smoking 78mm 1pc New Metal Aluminum Tobacco Pipe Portable Pipe 2018 Small Pocket Dugout,0.38 - 0.53, 4.5,182,rich home,-
3,70mm Cigarette Rolling Machine Manual Blunt Fast Cigar Tobacco Roller Injector Metal Joint Maker For Raw Rolling Paper Men Gifts,1.49, 4.7,1179,Lafagiet Store,XXX
4,Formax420 5/50/100/200 Pieces Pollen Kief Keef Scrapers for Tobacco Herbs,4.45 - 17.80, 4.9,17,Chinese Smoking Accessories Outlet,XXX
5,Portable Cigarette Tobacco Bag Rolling Paper Storage Pouch Tobacco Pouch Paper Holder Smoking Accessories,3.47, 4.8,164,COURNOT Store,XXX
6,weed accessories Plate Discs For Smoke Bob Marley Herb Grinder weed Metal Tobacco Rolling Tray Storage Cigarette Holder Smoking,3.50, 4.9,9,JMSBOND Gift Store,XXX
7,Free shipping 1packs/lot(1pack=100 sticks) Wholesale New Intensive Cotton Smoking Clean Tool Tobacco Pipe Cleaners,3, 4.6,36,Shop325417 Store,XXX
8,Rolling Machine for Cigarette Hand-cranked Cigarettes Rolling Machine Tobacco Injector Maker Roller DIY Smoking Tool Manual,20.99, 4.8,2225,LCFUN Store,XXX
9,Formax420 Aluminum Small Chequered With Purple Pocket Smoking Pipe Tobacco Hand Pipe,8.54, 4.8,1,Chinese Smoking Accessories Outlet,XXX
10,Electric Cigarette Machine Easy Automatic Making Rolling Machine Tobacco Electronic Injector Maker Roller DIY Smoking Tool,10.50, 4.7,1999,LCFUN Store,XXX
11,Tea Herbal Cigarettes clearing lung to Quit smoking No Nicotine & Tobacco Fine cigarettes,4.98 - 29.90, 4.8,148,Healthy tea smoking Store,XXX
12,Tobacco Pipes Accessories Compact 10cm Funnel-shaped Steamroller Pipe Mini Clear Glass Smoking Pipe Random Color,0.81, 4.6,463,CACACOOK Grobal Store,XXX
13,Electric Tobacco Filling Machine Easy Automatic Making Rolling Machine Cigarette Electronic Injector Maker Roller Smoking Tool,11.04 - 11.34, 4.7,104,MAGICCOO Store,XXX
14,Electric Torch Shape Grinder Crusher Crank Leaf Tobacco Smoke Spice Herb Muller Machine Herb Tobacco Grinder,1.88 - 3.19, 4.8,2032,DealintheBest Store,XXX
15,Hand shake Tobacco grinder Hand Crank Crusher Tobacco Cutter Grinder Hand Muller Shredder Smoking Case Cigarette Accessories,8.23 - 9.13, 5.0,233,U-Need Store,XXX
16,Free Shipping New Brown angular shape enrolled style bakelite pipe smoking pipe tobacco pipe for gift Boxed,5.74, 4.8,569,sufeng Store,XXX
17,Formax420 Aluminum Rubber Bullet Tobacco Smoking Pipe Pocket Pipe 3 Colors Available,5.33, 4.7,12,Chinese Smoking Accessories Outlet,XXX
18,1 pack (100 pieces) hot new tobacco bag tobacco sealed bag storage bag Smile yellow pattern with holder tobacco bag,0.76 - 2.09, 4.6,209,Beautiful Day 1989,XXX
19,Soft Portable Silicone Cigarette Cases For 20 Cigarette Accessories Cigarette Box Gadgets For Men Gift Tabaco Case Tobacco Box,1.55, 4.3,435,Asafover Store,XXX
20,COURNOT Somking Glass Pipe One Hitter Glass Blunt Pipes Smoking Pipe 109MM Cigarette Holder Tobacco Herb Pipes Accessories,1.26, 4.9,245,COURNOT Store,XXX
21,PU Leather Tobacco Pouch Bag Pipe Cigarette Holder Waterproof Smoking Paper Holder Wallet Bag Portable Tobacco Storage Bag,2.01 - 2.14, 5.0,592,Beatiful Life Store,XXX
22,HOT 100Pcs Disposable Tobacco Cigarette Filter Smoking Reduce Tar Filtration Cleaning Holder NDS66,2.75 - 2.77, 4.4,3750,NiceDropShipping Store,XXX
23,High Quality Metal Alloy Smoking Herb Pipe 95MM Metal Bowl Pipe Detachable Tobacco Pipe Smoking Tobacco Pipe,1.75 - 1.96, 4.9,232,Exquisite life 365 Store,-
24,2019 hot sale Electric Automatic Cigarette Rolling Machine Tobacco Injector Maker Roller operate simply machines #30,5.56 - 11.11, 4.7,49,Watch & Jewellery Store,XXX
25,Portable Smoking Glass Pipe Durable Delcate Tobacco Pipe Filter Cigarette Holder Gift For Father Husband Collector Cigar Pipes,7.99, 4.7,893,TankeStreet Official Store,XXX
26,Metal Zinc Alloy 40mm Tobacco Grinder Rainbow color Beautiful Herb Herbal Spice Crusher Smoking Pipe Accessories Grinder,2.61 - 3.91, 4.9,2747,Rom Corp 1984 Store,XXX
27,Firedog Cigarette Accessories PU Leather Tobacco Pouch Case Weed Herb Smoking Pipe Carrying Storage Rolling Tobacco Pouch,2.99, 4.7,339,FIREDOG Official Store,XXX
28,Stainless Steel Moisture Tank Airtight Stash Jar Multi-Use Vacuum Seal Portable Storage Container for Tobacco Storage Jar,4.49, 4.3,21,TM Hookah Store,XXX
29,Semi-automatic cigarette machine push-pull portable metal manual technology gadgets tobacco for smoking rolling papers men gift,27.93, 4.8,225,ONUOSS Official Store,XXX
30,70MM/78MM/110MM Metal Cigarette Rolling Machine Tobacco Cigarette Roller For Rolling Paper Cigarette Wrapping Machine,1.22 - 1.83, 4.6,23,Overseas Dropshipping Factory Store,XXX
31,Electric Cigarette Machine Easy Automatic Making Rolling Machine Tobacco Electronic Injector Maker Roller DIY Smoking Tool 1016Z,6.03 - 10.24, 4.6,28,Warm Dropshipping Store,XXX
32,135 MM Cone Artist Multi-function Funnel Plastic Grinder 3 Parts Tobacco Herb Spice Crusher Hand Cracker Muller with Cone Roller,0.77, 4.7,127,Shop5091091 Store,-
33,Wooden Pipes for Smoking Briar Wood Pipe smooth Pipes Smoke Tobacco Cigarettes Filter Dismountable Handle Pipe #201 9MM FILTER,23.90, 5.0,3,ideapiepse&ideaolives Store,XXX
34,New Fashion Silicone Cigarette Box Lady Cigarette Case Cover Smoking Accessories 20 Cigarettes Box Cigarette Holder Tobacco Box,1.47 - 1.87, 4.8,168,Slowlife Decor Store,XXX
35,New Electric Easy Automatic Cigarette Rolling Machine Tobacco Injector Maker Roller Automatic Tobacco Machine EU US Plug J16,14.02, 4.8,304,CC Cozy Living Store,XXX
36,4 Layers Chip Black Animated characters Style Tobacco Grinder Cigarette Grinders Smoking Pipe Accessories gadget Black,2.97, 4.6,1407,YHS silicone products factory Store,-
37,1 pack (100 pieces) hot new weed tobacco bag tobacco weed sealed bag storage bag Smile yellow pattern with holder tobacco bag,0.82 - 2.32, 4.8,173,Big Sale,XXX
38,Multifunctional 3in1 Stainless Steel Smoking Tobacco Pipe Cleaner Cleaning Tool High quality Smokin Tobacco Pipe Cleaner,0.41 - 0.73, 4.6,38,Watch & Jewellery Store,XXX
39,100pcs Cotton Smoking Pipe Cleaners Smoke Tobacco Pipe Cleaning Tool White Cigarette Holder Accessories,1.94, 5.0,263,Estone's Pets Supplies Store,-
40,1PC Portable PU Leather Cigarette Tobacco Pipe Pouch Purse Case Bag Holder Carrier Tobacco Pipes Accessories,2.34 - 2.43, 4.6,157,Wandering Sanmao Store,XXX
41,New Bent Wooden Smoking Pipe Tobacco Accessory 9mm Filter Ebony Wood Pipe Handmade Tobacco Pipe Smoke Tools Gift,11.19, 4.5,198,YeaMoor Official Store,XXX
42,Leather Cigarette Tobacco Pouch Bag Filter Rolling Paper Tobacco Pouch Paper Holder Smoking Accessories,2.85, 4.6,234,CACACOOK Grobal Store,XXX
43,2019 New Manual Cigarette Tube Rolling Machine Tobacco Roller Maker Random Color,9.75 - 9.87, 4.8,11,encoignure Store,XXX
44,Joint Roller Machine Blunt Fast Cigar Rolling Cigarette Weed Raw Tobacco Roller табак машинка для самокруток табак для сигарет,0.85 - 1.66, 4.5,855,Xeon Life Trading Store,XXX
45,Genuine Leather Portable Tobacco Pouch Bag Snuff Bullet Snorter Tool Sniffer Straw Hooter Hoover Pouch Bag Pipe Case Pocket,7.92 - 8.05, 5.0,52,Beatiful Life Store,XXX
46,1Pc Protable Lady Women Slim Aluminum 20 Pieces Cigar Cigarette Tobacco Holder Storage Case Pocket Box cigarrera mujer,0.92 - 1.85, 4.9,23,Fantasy Garden & Life House Store,XXX
47,Metal Smoking Pipes Super Cleaning Reusable Tobacco Cigarette Filter Reduce Tar Holder Stone Reusable Clean Reduce Tar Smoke,2.49, 4.8,132,SWSMOK Trading Store,XXX
48,1Pcs Tobacco Pipes Cigarette Accessories Filter Food Grade Holder Mouthpiece Filtration Cleaning Holder Gifts for Men,0.18 - 0.68, 5.0,516,LOLEDE House Supplies Store,XXX
49,New Vintage Smoking Pipe Handmade 9mm Filter Bent Wooden Pipe Ebony Wood Pipe Tobacco Pipe 10 tools Smoking Accessory,11.25, 4.4,57,YeaMoor Official Store,XXX
50,Smoking Pipe Vintage Durable Woody Break in Tobacco Pipe for Smoking Weed Holder Cigarette Cigar Tube grinder weed accessories,0.67, 4.7,193,HomelyDecor Store,-
51,Newly 100Pcs Disposable Tobacco Cigarette Filter Smoking Reduce Tar Filtration Cleaning Holder XSD88,2.61 - 2.75, 5.0,1393,XSDS Store,XXX
52,Free shipping 1pcs Metal Tobacco Box Tin Containers (small) for Rolling Paper and Tobacco Rolling Cigarettes Storage b002,3.50, 4.7,52,Shop325417 Store,XXX
53,Stainless Steel Cigarette Maker Roller Hand-cranked Tobacco Rolling Machine Manual Cigarette Filling Machine Smoking DIY Tools,27.29, 4.8,85,Cozy Life Homes Store,XXX
54,New Hot New 1pc 11.5cm Manual Cigarette Tube Rolling Machine Tobacco Roller Maker Manual Cigarette Tube Rolling Random Color,1.38 - 1.77, 4.9,484,Vovotrade Trading Store,XXX
55,Rick And Morty Smoke Grinder Tobacco Metal Rolling Tray Cigarette Container Tobacco Grinder Storage for DIY Smoking,2.48, 4.8,89,Hate World Relish Life HG Store,-
56,Manual Smoking Accessories Easy Hay Weed Tobacco Hemp Pepper Cans Spice Mill Crusher Household Grinding Gadgets #10,1.37 - 2.81,-,75,Commodity Factory Store,XXX
57,Masterdam Rolling Supplies 2.5-Inch Herb Tobacco Grinder with Pollen Catcher 4 Piece Aluminum Metal Smoking Grinders Accessories,9.98 - 11.79,-,796,Shop5091091 Store,XXX
58,Lots 10pcs Tobacco pipe network of fire pipe filter pipe accessories special tools Smoking Pipe Clean Accessory Cleaner Tools,0.96,-,427,love happy shop,XXX
59,"1Pair 2PC smoking Pipes Super Cleaning Reusable Tobacco Cigarette Filter Reduce Tar Holder Stone , New Reusable Set",0.81,-,64,Quality Living Store,XXX
60,Top Quality 15.9inch Long Cigarette Holder Exquisite Long Brown Handle Wooden Tobacco Cigarette Smoke Pipe with box CF5012,9,-,188,Shop4697107 Store,XXX
